date,antam,world_gold,kurs,gold_world_idr,year,difference
2009-01-07,352542.4312961331,27.2799,"10,750.0",293258.925,2009,59283.5062961331
2009-02-17,435975.10517401766,31.1219,"11,900.0",370350.61,2009,65624.49517401768
2009-03-30,408272.9183954609,29.8359,"11,555.0",344753.8245,2009,63519.09389546089
2009-05-08,362589.3471228638,29.1607,"10,375.0",302542.2625,2009,60047.0846228638
2009-06-18,371574.55586669716,30.2378,"10,280.0",310844.584,2009,60729.97186669719
2009-07-29,357647.54814176774,29.9323,"9,955.0",297976.0465,2009,59671.50164176774
2009-09-08,383027.67437836615,32.1749,"9,990.0",321427.251,2009,61600.42337836616
2009-10-19,378755.05921489635,33.7744,"9,400.0",317479.36,2009,61275.69921489636
2009-11-27,417303.7235221357,37.5038,"9,415.0",353098.277,2009,64205.446522135695
2010-01-07,412000.0,36.3384,"9,240.0",335766.816,2010,76233.18400000001
2010-02-17,406000.0,35.9767,"9,270.0",333504.009,2010,72495.99099999998
2010-03-30,396000.0,35.5909,"9,105.0",324055.1445,2010,71944.8555
2010-05-10,423000.0,38.4684,"9,075.0",349100.73000000004,2010,73899.26999999996
2010-05-10,417000.0,38.4684,"9,075.0",349100.73000000004,2010,67899.26999999996
2010-06-18,431000.0,40.3813,"9,091.0",367106.3983,2010,63893.6017
2010-07-29,410000.0,37.3752,"8,977.5",335535.858,2010,74464.14199999999
2010-09-08,427000.0,40.3492,"9,000.0",363142.80000000005,2010,63857.19999999995
2010-10-19,459000.0,43.0499,"8,926.0",384263.4074,2010,74736.59259999997
2010-11-29,457000.0,43.6286,"9,015.5",393333.6433,2010,63666.356700000004
2011-01-07,461000.0,43.9501,"9,027.5",396759.52775,2011,64240.47224999999
2011-02-17,464000.0,44.3359,"8,887.5",394035.31125,2011,69964.68874999997
2011-03-30,467000.0,45.8309,"8,719.0",399599.6171,2011,67400.38290000003
2011-05-10,483000.0,48.6602,"8,557.5",416409.66150000005,2011,66590.33849999995
2011-06-20,493000.0,49.6408,"8,615.0",427655.49199999997,2011,65344.50800000003
2011-07-29,510000.0,52.3575,"8,500.0",445038.75,2011,64961.25
2011-09-08,577000.0,59.6396,"8,568.0",510992.0928,2011,66007.90720000002
2011-10-19,570000.0,53.1291,"8,800.0",467536.08,2011,102463.91999999998
2011-11-29,580000.0,55.2028,"9,155.0",505381.634,2011,74618.36599999998
2012-01-09,565000.0,51.9235,"9,150.0",475100.02499999997,2012,89899.97500000003
2012-02-17,572000.0,55.3957,"9,000.0",498561.3,2012,73438.70000000001
2012-03-29,576000.0,53.2899,"9,165.0",488401.93350000004,2012,87598.06649999996
2012-05-09,554000.0,50.8786,"9,230.0",469609.478,2012,84390.522
2012-06-19,567000.0,52.261,"9,405.0",491514.705,2012,75485.29499999998
2012-07-30,565000.0,52.1485,"9,455.0",493064.0675,2012,71935.9325
2012-09-07,584000.0,55.5565,"9,570.0",531675.705,2012,52324.29500000004
2012-10-18,604200.0,56.2317,"9,588.0",539149.5396,2012,65050.46039999998
2012-11-28,604200.0,54.9135,"9,600.0",527169.6,2012,77030.40000000002
2013-01-08,598200.0,53.2416,"9,670.0",514846.272,2013,83353.728
2013-02-18,588200.0,51.7868,"9,680.5",501322.1174,2013,86877.88260000001
2013-03-29,575566.3741514212,51.3849,"9,717.5",499332.76575,2013,76233.60840142122
2013-05-09,531318.1222162242,47.1169,"9,730.0",458447.43700000003,2013,72870.68521622417
2013-06-19,532000.0,44.1349,"9,907.5",437266.52175,2013,94733.47824999999
2013-07-30,523000.0,42.5724,"10,272.5",437324.979,2013,85675.02100000001
2013-09-09,581000.0,44.6895,"11,160.0",498734.82,2013,82265.18
2013-10-18,558000.0,42.3265,"11,322.5",479241.79625,2013,78758.20374999999
2013-11-28,545000.0,40.0438,"12,015.0",481126.257,2013,63873.74300000002
2014-01-08,551000.0,39.2561,"12,235.0",480298.38350000005,2014,70701.61649999995
2014-02-18,571000.0,42.4631,"11,835.0",502550.78849999997,2014,68449.21150000003
2014-03-31,545756.794603488,41.5307,"11,360.0",471788.75200000004,2014,73968.0426034879
2014-05-09,550000.0,41.5147,"11,530.0",478664.491,2014,71335.50900000002
2014-06-19,559000.0,41.5709,"11,934.0",496107.1206,2014,62892.879399999976
2014-07-30,556640.3357652216,41.6191,"11,577.5",481845.13025000005,2014,74795.20551522158
2014-09-09,548000.0,40.3733,"11,766.5",475052.43445,2014,72947.56555
2014-10-20,546000.0,40.0116,"12,032.5",481439.577,2014,64560.42300000001
2014-11-28,538000.0,38.0263,"12,204.0",464072.9652,2014,73927.03480000002
2015-01-08,558000.0,39.0792,"12,680.0",495524.256,2015,62475.744000000006
2015-02-18,564000.0,38.7738,"12,842.5",497952.52650000004,2015,66047.47349999996
2015-03-31,566000.0,38.1629,"13,075.0",498979.9175,2015,67020.08250000002
2015-05-11,571000.0,38.2353,"13,155.0",502985.3715,2015,68014.62849999999
2015-06-19,580000.0,38.6902,"13,331.5",515798.40129999997,2015,64201.59870000003
2015-07-30,567000.0,34.9639,"13,467.5",470876.32325,2015,96123.67674999998
2015-09-09,581000.0,35.6825,"14,261.5",508885.97374999995,2015,72114.02625000005
2015-10-20,583000.0,37.8655,"13,645.0",516674.74749999994,2015,66325.25250000006
2015-10-20,583000.0,37.8655,"13,645.0",516674.74749999994,2015,66325.25250000006
2015-11-30,566000.0,34.1409,"13,835.0",472339.35150000005,2015,93660.64849999995
2016-01-08,569000.0,35.4253,"13,922.5",493208.73925,2016,75791.26075000002
2016-02-18,583000.0,38.9056,"13,495.0",525031.072,2016,57968.927999999956
2016-03-30,592000.0,39.7464,"13,267.5",527335.362,2016,64664.638000000035
2016-05-10,603000.0,40.6,"13,287.5",539472.5,2016,63527.5
2016-06-20,614000.0,41.2108,"13,265.0",546661.262,2016,67338.73800000001
2016-07-29,625000.0,43.1463,"13,098.5",565151.8105499999,2016,59848.18945000006
2016-09-08,629000.0,43.1913,"13,062.5",564186.35625,2016,64813.64375000005
2016-10-19,622000.0,40.8009,"13,007.5",530717.70675,2016,91282.29324999999
2016-11-29,611000.0,38.1485,"13,572.5",517770.51625,2016,93229.48375000001
2017-01-09,602000.0,37.8897,"13,365.0",506395.8405,2017,95604.15950000001
2017-02-17,612000.0,39.9296,"13,332.5",532361.392,2017,79638.60800000001
2017-03-30,611000.0,40.1499,"13,316.0",534636.0684,2017,76363.93160000001
2017-05-10,599000.0,39.3188,"13,357.5",525200.871,2017,73799.12899999996
2017-06-20,605000.0,39.9377,"13,288.5",530712.12645,2017,74287.87355000002
2017-07-31,618000.0,40.7527,"13,325.0",543029.7274999999,2017,74970.27250000008
2017-09-08,642000.0,43.2829,"13,204.0",571507.4116,2017,70492.58840000001
2017-10-19,637000.0,41.3587,"13,523.0",559293.7001,2017,77706.29989999998
2017-11-29,640000.0,41.2767,"13,502.5",557338.64175,2017,82661.35825000005
2018-01-09,647000.0,42.1496,"13,437.5",566385.25,2018,80614.75
2018-02-19,658000.0,43.2942,"13,560.5",587090.9990999999,2018,70909.0009000001
2018-03-30,669229.0309359554,42.5628,"13,765.0",585876.942,2018,83352.08893595531
2018-05-10,681264.4262197275,42.4004,"14,080.0",596997.632,2018,84266.79421972751
2018-06-21,655000.0,40.7077,"14,103.0",574100.6931,2018,80899.30689999997
2018-08-01,656000.0,39.1918,"14,440.0",565929.5920000001,2018,90070.40799999994
2018-09-11,659000.0,38.2546,"14,857.0",568348.5922000001,2018,90651.40779999993
2018-10-22,680000.0,39.2979,"15,185.0",596738.6115,2018,83261.3885
2018-11-30,659000.0,39.1451,"14,302.5",559872.79275,2018,99127.20724999998
2019-01-10,671000.0,41.5355,"14,055.0",583781.4525,2019,87218.54749999999
2019-02-20,689000.0,43.2026,"14,040.0",606564.504,2019,82435.49600000004
2019-04-02,669000.0,41.4841,"14,220.0",589903.902,2019,79096.098
2019-05-16,678000.0,41.5291,"14,450.0",600095.495,2019,77904.505
2019-06-27,716000.0,45.0914,"14,140.0",637592.396,2019,78407.60400000005
2019-08-07,755000.0,48.4206,"14,222.5",688661.9835,2019,66338.01650000003
2019-09-18,766000.0,48.3386,"14,060.0",679640.716,2019,86359.28399999999
2019-10-29,761000.0,47.8001,"14,025.0",670396.4025,2019,90603.59750000003
2019-12-09,753000.0,46.9947,"14,015.0",658630.7205,2019,94369.27949999995
2020-01-24,777000.0,50.2934,"13,572.5",682607.1714999999,2020,94392.82850000006
2020-03-05,831000.0,53.3574,"14,170.0",756074.358,2020,74925.64199999999
2020-04-17,951000.0,54.4167,"15,430.0",839649.681,2020,111350.31900000002
2020-07-10,937000.0,57.971,"14,435.0",836811.3849999999,2020,100188.6150000001
2020-10-01,1013000.0,61.1507,"14,820.0",906253.374,2020,106746.62600000005
2020-11-11,970000.0,59.8309,"14,070.0",841820.763,2020,128179.23699999996
2020-12-22,970000.0,60.3502,"14,145.0",853653.579,2020,116346.42099999997
2021-02-08,940000.0,59.0047,"13,995.0",825770.7765,2021,114229.22349999996
2021-03-19,925000.0,55.788,"14,400.0",803347.2,2021,121652.80000000005
2021-05-04,930000.0,57.799,"14,425.0",833750.575,2021,96249.42500000005
2021-06-15,943000.0,59.9644,"14,220.0",852693.7679999999,2021,90306.23200000008
2021-07-26,942000.0,57.8778,"14,480.0",838070.544,2021,103929.456
2021-09-06,942000.0,58.5658,"14,220.0",832805.6760000001,2021,109194.3239999999
2021-10-15,926000.0,56.992,"14,070.0",801877.44,2021,124122.56000000006
2021-11-25,929000.0,57.4904,"14,265.0",820100.556,2021,108899.44400000002
2022-01-12,940000.0,58.5594,"14,315.0",838277.811,2022,101722.18900000001
2022-02-22,972000.0,61.0896,"14,361.0",877307.7455999999,2022,94692.25440000009
2022-04-04,985000.0,62.0606,"14,353.0",890755.7918,2022,94244.2082
2022-05-18,971000.0,58.2137,"14,685.0",854868.1845000001,2022,116131.81549999991
2022-06-30,988000.0,58.4179,"14,895.0",870134.6205000001,2022,117865.37949999992
2022-08-10,995000.0,57.7122,"14,870.0",858180.414,2022,136819.586
2022-09-22,937000.0,53.7512,"15,015.0",807074.2679999999,2022,129925.73200000008
2022-11-02,944000.0,53.0343,"15,645.0",829721.6235,2022,114278.37650000001
2022-12-13,998000.0,58.6285,"15,655.0",917829.1675,2022,80170.83250000002
2023-01-30,1029000.0,61.8613,"14,965.0",925754.3545,2023,103245.64549999998
2023-03-10,1034000.0,59.8406,"15,445.0",924238.067,2023,109761.93299999996
2023-06-07,1060000.0,63.2518,"14,875.0",940870.525,2023,119129.47499999998
2023-07-18,1072000.0,63.4977,"14,990.0",951830.523,2023,120169.47699999996
2023-08-29,1070000.0,62.0509,"15,255.0",946586.4795,2023,123413.52049999998
2023-10-09,1053000.0,59.3342,"15,685.0",930656.927,2023,122343.07299999997
2023-11-17,1095000.0,63.6922,"15,490.0",986592.178,2023,108407.82200000004
2024-01-04,1123000.0,65.5731,"15,485.0",1015399.4535,2024,107600.54650000005
2024-02-14,1114000.0,63.8224,"15,632.0",997671.7568,2024,116328.24320000003
2024-03-26,1213000.0,70.0822,"15,785.0",1106247.527,2024,106752.473
2024-05-09,1306000.0,74.773,"16,026.0",1198312.098,2024,107687.902
2024-06-20,1355000.0,75.6057,"16,425.0",1241823.6225,2024,113176.37749999994
2024-07-31,1412000.0,78.0074,"16,255.0",1268010.287,2024,143989.713
2024-09-11,1411000.0,80.626,"15,395.0",1241237.27,2024,169762.72999999998
2024-10-22,1510000.0,87.9805,"15,555.0",1368536.6775,2024,141463.3225
2024-12-02,1509000.0,84.9471,"15,895.0",1350234.1545000002,2024,158765.84549999982
2025-01-17,1594000.0,87.2957,"16,360.0",1428157.652,2025,165842.348
2025-02-27,1692000.0,92.6199,"16,445.0",1523134.2555,2025,168865.74450000003
2025-03-07,1690000.0,94.2387,"16,290.0",1535148.423,2025,154851.57700000005
